Workbook

Sheet Inputs
A1: Applicant Inputs
A2: Edit the blue cells below to change the example applicant.
A4: Field | B4: Value | C4: Format
A5: Age | B5: 45 | C5: years
A6: Smoker | B6: Yes | C6: Yes / No
A7: Coverage Amount | B7: 500000 | C7: $
A8: Term (years) | B8: 20 | C8: 10 / 20 / 30
A9: Health Risk | B9: Moderate | C9: Low / Moderate / High

Sheet Assumptions
A1: Illustrative Actuarial Assumptions
A2: These are simplified, educational assumptions — not real actuarial mortality tables.
A4: Base Rate | B4: 0.001 | C4: Illustrative base cost per $1 of coverage, before risk factors
A6: Age Factor Table
A7: Min Age | B7: Factor | C7: Notes
A8: 18 | B8: 0.8
A9: 30 | B9: 1
A10: 40 | B10: 1.4
A11: 50 | B11: 2.2
A13: Smoker Factor Table
A14: Status | B14: Factor
A15: No | B15: 1
A16: Yes | B16: 2
A18: Health Risk Factor Table
A19: Category | B19: Factor
A20: Low | B20: 1
A21: Moderate | B21: 1.3
A22: High | B22: 1.8
A24: Term Factor Formula | B24: 1 + (Term Years / 100)

Sheet PremiumCalc
A1: Premium Calculation
A2: All values below are formulas that recalculate when Inputs or Assumptions change.
A4: Field | B4: Value
A5: Age | B5: =Inputs!B5 -> 45
A6: Smoker (Yes/No) | B6: =Inputs!B6 -> Yes
A7: Coverage Amount | B7: =Inputs!B7 -> 500000
A8: Term (years) | B8: =Inputs!B8 -> 20
A9: Health Risk | B9: =Inputs!B9 -> Moderate
A11: Base Rate | B11: =Assumptions!B4 -> 0.001
A12: Age Factor | B12: =VLOOKUP(B5,Assumptions!$A$8:$B$11,2,TRUE()) -> 1.4
A13: Smoker Factor | B13: =INDEX(Assumptions!$B$15:$B$16,MATCH(B6,Assumptions!$A$15:$A$16,0)) -> 2
A14: Health Factor | B14: =INDEX(Assumptions!$B$20:$B$22,MATCH(B9,Assumptions!$A$20:$A$22,0)) -> 1.3
A15: Term Factor | B15: =1+(B8/100) -> 1.2
A17: Annual Premium | B17: =B7*B11*B12*B13*B14*B15 -> 2184
A18: Monthly Premium | B18: =B17/12 -> 182

Sheet Sensitivity
A1: Premium Sensitivity Analysis
A2: Annual premium by age and smoking status, holding coverage, term, and health risk fixed below.
A4: Fixed Coverage | B4: 500000
A5: Fixed Term (years) | B5: 20
A6: Fixed Health Risk | B6: Low
A8: Age | B8: Non-Smoker Premium | C8: Smoker Premium
A9: 25 | B9: =$B$4*Assumptions!$B$4*VLOOKUP(A9,Assumptions!$A$8:$B$11,2,TRUE())*INDEX(Assumptions!$B$15:$B$16,MATCH("No",Assumptions!$A$15:$A$16,0))*INDEX(Assumptions!$B$20:$B$22,MATCH($B$6,Assumptions!$A$20:$A$22,0))*(1+($B$5/100)) -> 480 | C9: =$B$4*Assumptions!$B$4*VLOOKUP(A9,Assumptions!$A$8:$B$11,2,TRUE())*INDEX(Assumptions!$B$15:$B$16,MATCH("Yes",Assumptions!$A$15:$A$16,0))*INDEX(Assumptions!$B$20:$B$22,MATCH($B$6,Assumptions!$A$20:$A$22,0))*(1+($B$5/100)) -> 960
A10: 30 | B10: =$B$4*Assumptions!$B$4*VLOOKUP(A10,Assumptions!$A$8:$B$11,2,TRUE())*INDEX(Assumptions!$B$15:$B$16,MATCH("No",Assumptions!$A$15:$A$16,0))*INDEX(Assumptions!$B$20:$B$22,MATCH($B$6,Assumptions!$A$20:$A$22,0))*(1+($B$5/100)) -> 600 | C10: =$B$4*Assumptions!$B$4*VLOOKUP(A10,Assumptions!$A$8:$B$11,2,TRUE())*INDEX(Assumptions!$B$15:$B$16,MATCH("Yes",Assumptions!$A$15:$A$16,0))*INDEX(Assumptions!$B$20:$B$22,MATCH($B$6,Assumptions!$A$20:$A$22,0))*(1+($B$5/100)) -> 1200
A11: 35 | B11: =$B$4*Assumptions!$B$4*VLOOKUP(A11,Assumptions!$A$8:$B$11,2,TRUE())*INDEX(Assumptions!$B$15:$B$16,MATCH("No",Assumptions!$A$15:$A$16,0))*INDEX(Assumptions!$B$20:$B$22,MATCH($B$6,Assumptions!$A$20:$A$22,0))*(1+($B$5/100)) -> 600 | C11: =$B$4*Assumptions!$B$4*VLOOKUP(A11,Assumptions!$A$8:$B$11,2,TRUE())*INDEX(Assumptions!$B$15:$B$16,MATCH("Yes",Assumptions!$A$15:$A$16,0))*INDEX(Assumptions!$B$20:$B$22,MATCH($B$6,Assumptions!$A$20:$A$22,0))*(1+($B$5/100)) -> 1200
A12: 40 | B12: =$B$4*Assumptions!$B$4*VLOOKUP(A12,Assumptions!$A$8:$B$11,2,TRUE())*INDEX(Assumptions!$B$15:$B$16,MATCH("No",Assumptions!$A$15:$A$16,0))*INDEX(Assumptions!$B$20:$B$22,MATCH($B$6,Assumptions!$A$20:$A$22,0))*(1+($B$5/100)) -> 840 | C12: =$B$4*Assumptions!$B$4*VLOOKUP(A12,Assumptions!$A$8:$B$11,2,TRUE())*INDEX(Assumptions!$B$15:$B$16,MATCH("Yes",Assumptions!$A$15:$A$16,0))*INDEX(Assumptions!$B$20:$B$22,MATCH($B$6,Assumptions!$A$20:$A$22,0))*(1+($B$5/100)) -> 1680
A13: 45 | B13: =$B$4*Assumptions!$B$4*VLOOKUP(A13,Assumptions!$A$8:$B$11,2,TRUE())*INDEX(Assumptions!$B$15:$B$16,MATCH("No",Assumptions!$A$15:$A$16,0))*INDEX(Assumptions!$B$20:$B$22,MATCH($B$6,Assumptions!$A$20:$A$22,0))*(1+($B$5/100)) -> 840 | C13: =$B$4*Assumptions!$B$4*VLOOKUP(A13,Assumptions!$A$8:$B$11,2,TRUE())*INDEX(Assumptions!$B$15:$B$16,MATCH("Yes",Assumptions!$A$15:$A$16,0))*INDEX(Assumptions!$B$20:$B$22,MATCH($B$6,Assumptions!$A$20:$A$22,0))*(1+($B$5/100)) -> 1680
A14: 50 | B14: =$B$4*Assumptions!$B$4*VLOOKUP(A14,Assumptions!$A$8:$B$11,2,TRUE())*INDEX(Assumptions!$B$15:$B$16,MATCH("No",Assumptions!$A$15:$A$16,0))*INDEX(Assumptions!$B$20:$B$22,MATCH($B$6,Assumptions!$A$20:$A$22,0))*(1+($B$5/100)) -> 1320 | C14: =$B$4*Assumptions!$B$4*VLOOKUP(A14,Assumptions!$A$8:$B$11,2,TRUE())*INDEX(Assumptions!$B$15:$B$16,MATCH("Yes",Assumptions!$A$15:$A$16,0))*INDEX(Assumptions!$B$20:$B$22,MATCH($B$6,Assumptions!$A$20:$A$22,0))*(1+($B$5/100)) -> 2640
A15: 55 | B15: =$B$4*Assumptions!$B$4*VLOOKUP(A15,Assumptions!$A$8:$B$11,2,TRUE())*INDEX(Assumptions!$B$15:$B$16,MATCH("No",Assumptions!$A$15:$A$16,0))*INDEX(Assumptions!$B$20:$B$22,MATCH($B$6,Assumptions!$A$20:$A$22,0))*(1+($B$5/100)) -> 1320 | C15: =$B$4*Assumptions!$B$4*VLOOKUP(A15,Assumptions!$A$8:$B$11,2,TRUE())*INDEX(Assumptions!$B$15:$B$16,MATCH("Yes",Assumptions!$A$15:$A$16,0))*INDEX(Assumptions!$B$20:$B$22,MATCH($B$6,Assumptions!$A$20:$A$22,0))*(1+($B$5/100)) -> 2640
A16: 60 | B16: =$B$4*Assumptions!$B$4*VLOOKUP(A16,Assumptions!$A$8:$B$11,2,TRUE())*INDEX(Assumptions!$B$15:$B$16,MATCH("No",Assumptions!$A$15:$A$16,0))*INDEX(Assumptions!$B$20:$B$22,MATCH($B$6,Assumptions!$A$20:$A$22,0))*(1+($B$5/100)) -> 1320 | C16: =$B$4*Assumptions!$B$4*VLOOKUP(A16,Assumptions!$A$8:$B$11,2,TRUE())*INDEX(Assumptions!$B$15:$B$16,MATCH("Yes",Assumptions!$A$15:$A$16,0))*INDEX(Assumptions!$B$20:$B$22,MATCH($B$6,Assumptions!$A$20:$A$22,0))*(1+($B$5/100)) -> 2640

Sheet Dashboard
A1: Summary Dashboard
A2: Key figures pulled live from the Premium Calculation and Sensitivity sheets.
A4: Example Applicant Annual Premium | B4: =PremiumCalc!B17 -> 2184 | D4: Scenario | E4: Premium
A5: Example Applicant Monthly Premium | B5: =PremiumCalc!B18 -> 182 | D5: Age 25, Non-Smoker | E5: =Sensitivity!B9 -> 480
A6: Lowest Sensitivity Premium (25, Non-Smoker) | B6: =Sensitivity!B9 -> 480 | D6: Age 60, Non-Smoker | E6: =Sensitivity!B16 -> 1320
A7: Highest Sensitivity Premium (60, Smoker) | B7: =Sensitivity!C16 -> 2640 | D7: Age 25, Smoker | E7: =Sensitivity!C9 -> 960
D8: Age 60, Smoker | E8: =Sensitivity!C16 -> 2640
